Title,Subtitle,Thickness,Format,Product Link
Graphite Grey,Sensa - Sensa Premium,"Thicknesses,2.0 cm,3.0 cm",Slab Standard: Check availability,https://www.cosentino.com/usa/colors/sensa/graphite-grey/
Nolita23,Silestone - Loft,"Thicknesses,1.2 cm,2.0 cm,3.0 cm",Slab Jumbo: 128.74 x 62.60 in,https://www.cosentino.com/usa/colors/silestone/nolita23/
Brass Relish,Silestone - Urban Crush,"Thicknesses,1.2 cm,2.0 cm,3.0 cm",Slab Jumbo: 128.74 x 62.60 in,https://www.cosentino.com/usa/colors/silestone/brass-relish/
Cinder Craze,Silestone - Urban Crush,"Thicknesses,1.2 cm,2.0 cm,3.0 cm",Slab Jumbo: 128.74 x 62.60 in,https://www.cosentino.com/usa/colors/silestone/cinder-craze/
Concrete Pulse,Silestone - Urban Crush,"Thicknesses,1.2 cm,2.0 cm,3.0 cm",Slab Jumbo: 128.74 x 62.60 in,https://www.cosentino.com/usa/colors/silestone/concrete-pulse/
Lime Delight,Silestone - Urban Crush,"Thicknesses,1.2 cm,2.0 cm,3.0 cm",Slab Jumbo: 128.74 x 62.60 in,https://www.cosentino.com/usa/colors/silestone/lime-delight/
Versailles Ivory,Silestone - Le Chic,"Thicknesses,1.2 cm,2.0 cm,3.0 cm",Slab Jumbo: 128.74 x 62.60 in,https://www.cosentino.com/usa/colors/silestone/versailles-ivory/
Victorian Silver,Silestone - Le Chic,"Thicknesses,1.2 cm,2.0 cm,3.0 cm",Slab Jumbo: 128.74 x 62.60 in,https://www.cosentino.com/usa/colors/silestone/victorian-silver/
Romantic Ash,Silestone - Le Chic,"Thicknesses,1.2 cm,2.0 cm,3.0 cm",Slab Jumbo: 128.74 x 62.60 in,https://www.cosentino.com/usa/colors/silestone/romantic-ash/
Parisien Bleu,Silestone - Le Chic,"Thicknesses,1.2 cm,2.0 cm,3.0 cm",Slab Jumbo: 128.74 x 62.60 in,https://www.cosentino.com/usa/colors/silestone/parisien-bleu/
Eclectic Pearl,Silestone - Le Chic,"Thicknesses,1.2 cm,2.0 cm,3.0 cm",Slab Jumbo: 128.74 x 62.60 in,https://www.cosentino.com/usa/colors/silestone/eclectic-pearl/
Bohemian Flame,Silestone - Le Chic,"Thicknesses,1.2 cm,2.0 cm,3.0 cm",Slab Jumbo: 128.74 x 62.60 in,https://www.cosentino.com/usa/colors/silestone/bohemian-flame/
Dakar,Sensa - Sensa Premium,"Thicknesses,2.0 cm,3.0 cm",Slab Standard: Check availability,https://www.cosentino.com/usa/colors/sensa/dakar/
Maori,Sensa - Sensa Premium,"Thicknesses,2.0 cm,3.0 cm",Slab Standard: Check availability,https://www.cosentino.com/usa/colors/sensa/maori/
Platino,Sensa - Sensa Premium,-,-,https://www.cosentino.com/usa/colors/sensa/platino/
Vk02 Avorio,Dekton - Pietra Kode,"Thicknesses,0.8 cm,1.2 cm,2.0 cm,0.4 cm",Slab Standard: 127.17 x 57.09 in 127.56 x 57.48 in,https://www.cosentino.com/usa/colors/dekton/vk02-avorio/
Vk04 Grafite,Dekton - Pietra Kode,"Thicknesses,0.8 cm,1.2 cm,2.0 cm",Slab Standard: 126.38 x 56.69 in 126.77 x 57.09 in,https://www.cosentino.com/usa/colors/dekton/vk04-grafite/
Vk03 Grigio,Dekton - Pietra Kode,"Thicknesses,0.8 cm,1.2 cm,2.0 cm,0.4 cm",Slab Standard: 127.17 x 57.09 in 127.56 x 57.48 in,https://www.cosentino.com/usa/colors/dekton/vk03-grigio/
Nebbia,Dekton - Pietra Kode,"Thicknesses,0.8 cm,1.2 cm,2.0 cm,0.4 cm",Slab Standard: 128.74 x 57.87 in 129.13 x 58.27 in,https://www.cosentino.com/usa/colors/dekton/nebbia/
Sabbia,Dekton - Pietra Kode,"Thicknesses,0.8 cm,1.2 cm,2.0 cm,0.4 cm,3.0 cm",Slab Standard: 128.74 x 57.87 in 129.13 x 58.27 in 126.38 x 56.69 in,https://www.cosentino.com/usa/colors/dekton/sabbia/
Marmorio,Dekton - Pietra Kode,"Thicknesses,0.8 cm,1.2 cm,2.0 cm,0.4 cm",Slab Standard: 128.74 x 57.87 in 129.13 x 58.27 in,https://www.cosentino.com/usa/colors/dekton/marmorio/
Gk07 Ceppo,Dekton - Pietra Kode,"Thicknesses,0.8 cm,1.2 cm,2.0 cm,0.4 cm",Slab Standard: 127.17 x 57.09 in 127.56 x 57.48 in,https://www.cosentino.com/usa/colors/dekton/gk07-ceppo/
Dunna,Dekton - Basiq Xgloss Collection,"Thicknesses,0.8 cm,1.2 cm,2.0 cm,0.4 cm",Slab Standard: 128.74 x 57.87 in 129.13 x 58.27 in,https://www.cosentino.com/usa/colors/dekton/dunna/
Limbo,Dekton - Onirika,"Thicknesses,0.8 cm,1.2 cm,2.0 cm,0.4 cm",Slab Standard: 128.74 x 57.87 in 129.13 x 58.27 in Jumbo: 133.46 x 66.93 in,https://www.cosentino.com/usa/colors/dekton/limbo/
Laguna,Dekton - Silverkoast,"Thicknesses,0.4 cm,0.8 cm,1.2 cm,2.0 cm",Slab Standard: 128.74 x 57.87 in 129.13 x 58.27 in,https://www.cosentino.com/usa/colors/dekton/laguna/
Malibu,Dekton - Silverkoast,"Thicknesses,0.4 cm,0.8 cm,1.2 cm,2.0 cm",Slab Standard: 128.74 x 57.87 in 129.13 x 58.27 in,https://www.cosentino.com/usa/colors/dekton/malibu/
Marina,Dekton - Silverkoast,"Thicknesses,0.4 cm,0.8 cm,1.2 cm,2.0 cm",Slab Standard: 128.74 x 57.87 in 129.13 x 58.27 in Jumbo: 133.46 x 66.93 in,https://www.cosentino.com/usa/colors/dekton/marina/
Salina,Dekton - Silverkoast,"Thicknesses,0.4 cm,0.8 cm,1.2 cm,2.0 cm",Slab Standard: 128.74 x 57.87 in 129.13 x 58.27 in Jumbo: 133.46 x 66.93 in,https://www.cosentino.com/usa/colors/dekton/salina/
Desert Silver,Silestone - Eternal,"Thicknesses,1.2 cm,2.0 cm,3.0 cm",Slab Standard: 120.47 x 55.51 in,https://www.cosentino.com/usa/colors/silestone/desert-silver/
Morpheus,Dekton - Onirika,"Thicknesses,0.4 cm,0.8 cm,1.2 cm,2.0 cm",Slab Standard: 128.74 x 57.87 in 129.13 x 58.27 in Jumbo: 133.46 x 66.93 in,https://www.cosentino.com/usa/colors/dekton/morpheus/
Vigil,Dekton - Onirika,"Thicknesses,0.4 cm,0.8 cm,1.2 cm,2.0 cm",Slab Standard: 128.74 x 57.87 in 129.13 x 58.27 in Jumbo: 133.46 x 66.93 in,https://www.cosentino.com/usa/colors/dekton/vigil/
Trance,Dekton - Onirika,"Thicknesses,0.4 cm,0.8 cm,1.2 cm,2.0 cm",Slab Standard: 128.74 x 57.87 in 129.13 x 58.27 in Jumbo: 133.46 x 66.93 in,https://www.cosentino.com/usa/colors/dekton/trance/
Somnia,Dekton - Onirika,"Thicknesses,0.4 cm,0.8 cm,1.2 cm,2.0 cm",Slab Standard: 126.38 x 56.69 in 126.77 x 57.09 in Jumbo: 129.92 x 64.17 in 131.10 x 65.35 in,https://www.cosentino.com/usa/colors/dekton/somnia/
Neural,Dekton - Onirika,"Thicknesses,0.4 cm,0.8 cm,1.2 cm,2.0 cm",Slab Standard: 128.74 x 57.87 in 129.13 x 58.27 in Jumbo: 133.46 x 66.93 in,https://www.cosentino.com/usa/colors/dekton/neural/
Awake,Dekton - Onirika,"Thicknesses,0.4 cm,0.8 cm,1.2 cm,2.0 cm",Slab Standard: 128.74 x 57.87 in 129.13 x 58.27 in Jumbo: 133.46 x 66.93 in,https://www.cosentino.com/usa/colors/dekton/awake/
Lucid,Dekton - Onirika,"Thicknesses,0.4 cm,0.8 cm,1.2 cm,2.0 cm",Slab Standard: 128.74 x 57.87 in 129.13 x 58.27 in Jumbo: 133.46 x 66.93 in,https://www.cosentino.com/usa/colors/dekton/lucid/
Albarium22,Dekton - Kraftizen,-,-,https://www.cosentino.com/usa/colors/dekton/albarium22/
Umber,Dekton - Kraftizen,"Thicknesses,0.4 cm,0.8 cm,1.2 cm,2.0 cm",Slab Standard: 126.38 x 56.69 in 126.77 x 57.09 in,https://www.cosentino.com/usa/colors/dekton/umber/
Micron,Dekton - Kraftizen,"Thicknesses,0.4 cm,0.8 cm,1.2 cm,2.0 cm",Slab Standard: 126.38 x 56.69 in 126.77 x 57.09 in,https://www.cosentino.com/usa/colors/dekton/micron/
Argentium,Dekton - Kraftizen,"Thicknesses,0.8 cm,1.2 cm,2.0 cm,0.4 cm",Slab Standard: 127.17 x 57.09 in 127.56 x 57.48 in,https://www.cosentino.com/usa/colors/dekton/argentium/
Daze,Dekton - Onirika,"Thicknesses,0.4 cm,0.8 cm,1.2 cm,2.0 cm",Slab Standard: 128.74 x 57.87 in 129.13 x 58.27 in Jumbo: 133.46 x 66.93 in,https://www.cosentino.com/usa/colors/dekton/daze/
Nacre,Dekton - Kraftizen,"Thicknesses,0.8 cm,1.2 cm,2.0 cm,0.4 cm",Slab Standard: 128.74 x 57.87 in 129.13 x 58.27 in,https://www.cosentino.com/usa/colors/dekton/nacre/
Miami Vena,Silestone - Nebula,"Thicknesses,1.2 cm,2.0 cm,3.0 cm",Slab Standard: 120.47 x 55.51 in,https://www.cosentino.com/usa/colors/silestone/miami-vena/
Cala Blue,Silestone - Sunlit Days,"Thicknesses,1.2 cm,2.0 cm,3.0 cm",Slab Standard: 120.47 x 55.51 in,https://www.cosentino.com/usa/colors/silestone/cala-blue/
Posidonia Green,Silestone - Sunlit Days,"Thicknesses,2.0 cm,3.0 cm",Slab Standard: 120.47 x 55.51 in,https://www.cosentino.com/usa/colors/silestone/posidonia-green/
Cincel Grey,Silestone - Sunlit Days,"Thicknesses,2.0 cm,3.0 cm",Slab Standard: 120.47 x 55.51 in,https://www.cosentino.com/usa/colors/silestone/cincel-grey/
Faro White,Silestone - Sunlit Days,"Thicknesses,2.0 cm,3.0 cm",Slab Standard: 120.47 x 55.51 in,https://www.cosentino.com/usa/colors/silestone/faro-white/
Arcilla Red,Silestone - Sunlit Days,"Thicknesses,2.0 cm,3.0 cm",Slab Standard: 120.47 x 55.51 in,https://www.cosentino.com/usa/colors/silestone/arcilla-red/
Ethereal Noctis,Silestone - Ethereal,"Thicknesses,1.2 cm,2.0 cm,3.0 cm",Slab Jumbo: 128.74 x 62.60 in,https://www.cosentino.com/usa/colors/silestone/ethereal-noctis/
Ethereal Haze,Silestone - Ethereal,"Thicknesses,1.2 cm,2.0 cm,3.0 cm",Slab Jumbo: 128.74 x 62.60 in,https://www.cosentino.com/usa/colors/silestone/ethereal-haze/
Ethereal Glow,Silestone - Ethereal,"Thicknesses,1.2 cm,2.0 cm,3.0 cm",Slab Jumbo: 128.74 x 62.60 in,https://www.cosentino.com/usa/colors/silestone/ethereal-glow/
Ethereal Dusk,Silestone - Ethereal,"Thicknesses,1.2 cm,2.0 cm,3.0 cm",Slab Jumbo: 128.74 x 62.60 in,https://www.cosentino.com/usa/colors/silestone/ethereal-dusk/
Moone,Dekton - Solid Collection,-,-,https://www.cosentino.com/usa/colors/dekton/moone/
Seaport,Silestone - Loft,"Thicknesses,2.0 cm,3.0 cm",Slab Jumbo: 128.74 x 62.60 in,https://www.cosentino.com/usa/colors/silestone/seaport/
Poblenou,Silestone - Loft,"Thicknesses,2.0 cm,3.0 cm",Slab Jumbo: 128.74 x 62.60 in,https://www.cosentino.com/usa/colors/silestone/poblenou/
Nolita,Silestone - Loft,"Thicknesses,2.0 cm,3.0 cm",Slab Jumbo: 128.74 x 62.60 in,https://www.cosentino.com/usa/colors/silestone/nolita/
Corktown,Silestone - Loft,"Thicknesses,2.0 cm,3.0 cm",Slab Jumbo: 128.74 x 62.60 in,https://www.cosentino.com/usa/colors/silestone/corktown/
Camden,Silestone - Loft,"Thicknesses,2.0 cm,3.0 cm",Slab Jumbo: 128.74 x 62.60 in,https://www.cosentino.com/usa/colors/silestone/camden/
Kreta,Dekton - Industrial Collection,"Thicknesses,0.8 cm,1.2 cm,2.0 cm,0.4 cm",Slab Standard: 126.38 x 56.69 in 126.77 x 57.09 in 118.11 x 39.37 in Jumbo: 129.92 x 64.17 in 131.10 x 65.35 in,https://www.cosentino.com/usa/colors/dekton/kreta/
Via Lattea,Sensa - Sensa Premium,"Thicknesses,2.0 cm,3.0 cm",Slab Standard: Check availability,https://www.cosentino.com/usa/colors/sensa/via-lattea/
Rem,Dekton - Natural Collection,"Thicknesses,0.4 cm,0.8 cm,1.2 cm,2.0 cm",Slab Standard: 128.74 x 57.87 in 118.11 x 39.37 in 129.13 x 58.27 in Jumbo: 133.46 x 66.93 in,https://www.cosentino.com/usa/colors/dekton/rem/
Khalo,Dekton - Stonika Xgloss Collection,"Thicknesses,0.8 cm,1.2 cm,2.0 cm",Slab Standard: 127.17 x 57.09 in 127.56 x 57.48 in,https://www.cosentino.com/usa/colors/dekton/khalo/
Helena,Dekton - Stonika Xgloss Collection,"Thicknesses,0.4 cm,0.8 cm,1.2 cm,2.0 cm",Slab Standard: 127.17 x 57.09 in 127.56 x 57.48 in,https://www.cosentino.com/usa/colors/dekton/helena/
Vancouver,Sensa - Sensa Premium,"Thicknesses,2.0 cm,3.0 cm",Slab Standard: Check availability,https://www.cosentino.com/usa/colors/sensa/vancouver/
Siberia,Sensa - Sensa Premium,"Thicknesses,2.0 cm,3.0 cm",Slab Standard: Check availability,https://www.cosentino.com/usa/colors/sensa/siberia/
Uyuni,Dekton - Chromica,"Thicknesses,0.8 cm,1.2 cm,2.0 cm",Slab Standard: 128.74 x 57.87 in 129.13 x 58.27 in,https://www.cosentino.com/usa/colors/dekton/uyuni/
Laurent,Dekton - Natural Collection,"Thicknesses,0.4 cm,0.8 cm,1.2 cm,2.0 cm",Slab Standard: 126.38 x 56.69 in 118.11 x 39.37 in 126.77 x 57.09 in Jumbo: 129.92 x 64.17 in 131.10 x 65.35 in,https://www.cosentino.com/usa/colors/dekton/laurent/
Bromo,Dekton - Natural Collection,"Thicknesses,0.8 cm,1.2 cm,2.0 cm,0.4 cm",Slab Standard: 126.38 x 56.69 in 126.77 x 57.09 in,https://www.cosentino.com/usa/colors/dekton/bromo/
Liquid Sky,Dekton - Liquid,"Thicknesses,0.8 cm,1.2 cm,2.0 cm",Slab Standard: 127.17 x 57.09 in 127.56 x 57.48 in,https://www.cosentino.com/usa/colors/dekton/liquid-sky/
Liquid Embers,Dekton - Liquid,"Thicknesses,0.8 cm,1.2 cm,2.0 cm,0.4 cm",Slab Standard: 126.38 x 56.69 in 126.77 x 57.09 in,https://www.cosentino.com/usa/colors/dekton/liquid-embers/
Et Bella,Silestone - Eternal,"Thicknesses,1.2 cm,2.0 cm,3.0 cm",Slab Jumbo: 128.74 x 62.60 in,https://www.cosentino.com/usa/colors/silestone/et-bella/
Et Dor,Silestone - Eternal,"Thicknesses,1.2 cm,2.0 cm,3.0 cm",Slab Jumbo: 128.74 x 62.60 in,https://www.cosentino.com/usa/colors/silestone/et-dor/
Taga,Dekton - Stonika Xgloss Collection,"Thicknesses,0.8 cm,1.2 cm,2.0 cm",Slab Standard: 128.74 x 57.87 in 127.17 x 57.09 in 129.13 x 58.27 in,https://www.cosentino.com/usa/colors/dekton/taga/
Argenti Grey,Sensa,"Thicknesses,2.0 cm,3.0 cm",Slab Standard: Check availability,https://www.cosentino.com/usa/colors/sensa/argenti-grey/
Bianco Olinda,Scalea,"Thicknesses,2.0 cm,3.0 cm",Slab Standard: Check availability,https://www.cosentino.com/usa/colors/scalea/bianco-olinda/
Blue Jeans,Sensa - Sensa Premium,"Thicknesses,2.0 cm,3.0 cm",Slab Standard: Check availability,https://www.cosentino.com/usa/colors/sensa/blue-jeans/
Nilo,Sensa - Sensa Premium,"Thicknesses,2.0 cm,3.0 cm",Slab Standard: Check availability,https://www.cosentino.com/usa/colors/sensa/nilo/
Delicatus Ice,Sensa - Sensa Premium,"Thicknesses,2.0 cm,3.0 cm",Slab Standard: Check availability,https://www.cosentino.com/usa/colors/sensa/delicatus-ice/
Delicatus Ice,Scalea,"Thicknesses,2.0 cm,3.0 cm",Slab Standard: Check availability,https://www.cosentino.com/usa/colors/scalea/delicatus-ice/
Majestic White,Scalea,"Thicknesses,2.0 cm,3.0 cm",Slab Standard: Check availability,https://www.cosentino.com/usa/colors/scalea/majestic-white/
Majestic White,Sensa - Sensa Premium,"Thicknesses,2.0 cm,3.0 cm",Slab Standard: Check availability,https://www.cosentino.com/usa/colors/sensa/majestic-white/
Kovik,Dekton - Natural Collection,"Thicknesses,0.4 cm,0.8 cm,1.2 cm,2.0 cm",Slab Standard: 126.38 x 56.69 in 126.77 x 57.09 in,https://www.cosentino.com/usa/colors/dekton/kovik/
Sasea,Dekton - Natural Collection,"Thicknesses,0.8 cm,1.2 cm,2.0 cm,0.4 cm",Slab Standard: 128.74 x 57.87 in 129.13 x 58.27 in,https://www.cosentino.com/usa/colors/dekton/sasea/
Et Noir,Silestone - Eternal,"Thicknesses,1.2 cm,2.0 cm,3.0 cm",Slab Jumbo: 128.74 x 62.60 in,https://www.cosentino.com/usa/colors/silestone/et-noir/
White Lava,Sensa - Sensa Premium,"Thicknesses,2.0 cm,3.0 cm",Slab Standard: Check availability,https://www.cosentino.com/usa/colors/sensa/white-lava/
Arga,Dekton - Stonika Xgloss Collection,"Thicknesses,0.4 cm,0.8 cm,1.2 cm,2.0 cm",Slab Standard: 128.74 x 57.87 in 129.13 x 58.27 in,https://www.cosentino.com/usa/colors/dekton/arga/
Laos,Dekton - Industrial Collection,"Thicknesses,0.4 cm,0.8 cm,1.2 cm,2.0 cm",Slab Standard: 126.38 x 56.69 in 118.11 x 39.37 in 126.77 x 57.09 in,https://www.cosentino.com/usa/colors/dekton/laos/
Lunar,Dekton - Industrial Collection,"Thicknesses,0.8 cm,1.2 cm,2.0 cm,0.4 cm",Slab Standard: 127.17 x 57.09 in 127.56 x 57.48 in,https://www.cosentino.com/usa/colors/dekton/lunar/
Soke,Dekton - Industrial Collection,"Thicknesses,0.8 cm,1.2 cm,2.0 cm",Slab Standard: 126.38 x 56.69 in 126.77 x 57.09 in,https://www.cosentino.com/usa/colors/dekton/soke/
Bergen,Dekton - Stonika Xgloss Collection,"Thicknesses,0.4 cm,0.8 cm,1.2 cm,2.0 cm",Slab Standard: 128.74 x 57.87 in 129.13 x 58.27 in,https://www.cosentino.com/usa/colors/dekton/bergen/
Olimpo,Dekton - Stonika Xgloss Collection,"Thicknesses,0.8 cm,1.2 cm,2.0 cm",Slab Standard: 128.74 x 57.87 in 129.13 x 58.27 in,https://www.cosentino.com/usa/colors/dekton/olimpo/
Natura,Dekton - Stonika Xgloss Collection,"Thicknesses,0.4 cm,0.8 cm,1.2 cm,2.0 cm",Slab Standard: 127.17 x 57.09 in 127.56 x 57.48 in,https://www.cosentino.com/usa/colors/dekton/natura/
Night Tebas,Silestone - Mythology,"Thicknesses,1.2 cm,2.0 cm,3.0 cm",Slab Standard: 120.47 x 55.51 in Jumbo: 128.74 x 62.60 in,https://www.cosentino.com/usa/colors/silestone/night-tebas/
Silver Blue,Sensa - Sensa Premium,"Thicknesses,2.0 cm,3.0 cm",Slab Standard: Check availability,https://www.cosentino.com/usa/colors/sensa/silver-blue/
Smoky White,Sensa - Sensa Premium,"Thicknesses,2.0 cm,3.0 cm",Slab Standard: Check availability,https://www.cosentino.com/usa/colors/sensa/smoky-white/
White Alamo,Sensa - Sensa Premium,"Thicknesses,2.0 cm,3.0 cm",Slab Standard: Check availability,https://www.cosentino.com/usa/colors/sensa/white-alamo/
White Napoli,Sensa - Sensa Premium,"Thicknesses,2.0 cm,3.0 cm",Slab Standard: Check availability,https://www.cosentino.com/usa/colors/sensa/white-napoli/
Bianco Calacatta,Silestone - Eternal,"Thicknesses,1.2 cm,2.0 cm,3.0 cm",Slab Jumbo: 128.74 x 62.60 in,https://www.cosentino.com/usa/colors/silestone/bianco-calacatta/
Et Marfil,Silestone - Eternal,"Thicknesses,1.2 cm,2.0 cm,3.0 cm",Slab Jumbo: 128.74 x 62.60 in,https://www.cosentino.com/usa/colors/silestone/et-marfil/
Classic Calacatta,Silestone - Eternal,"Thicknesses,1.2 cm,2.0 cm,3.0 cm",Slab Jumbo: 128.74 x 62.60 in,https://www.cosentino.com/usa/colors/silestone/classic-calacatta/
Fossil,Dekton - Natural Collection,"Thicknesses,0.8 cm,1.2 cm,2.0 cm",Slab Standard: 126.38 x 56.69 in 126.77 x 57.09 in,https://www.cosentino.com/usa/colors/dekton/fossil/
Kira,Dekton - Natural Collection,"Thicknesses,0.8 cm,1.2 cm,2.0 cm",Slab Standard: 126.38 x 56.69 in 126.77 x 57.09 in,https://www.cosentino.com/usa/colors/dekton/kira/
Miami White,Silestone - Mythology,"Thicknesses,2.0 cm,1.2 cm,3.0 cm",Slab Standard: 120.47 x 55.51 in Jumbo: 128.74 x 62.60 in,https://www.cosentino.com/usa/colors/silestone/miami-white/
Opera,Dekton - Natural Collection,"Thicknesses,0.4 cm,0.8 cm,1.2 cm,2.0 cm",Slab Standard: 128.74 x 57.87 in 129.13 x 58.27 in,https://www.cosentino.com/usa/colors/dekton/opera/
Radium,Dekton - Industrial Collection,"Thicknesses,0.8 cm,1.2 cm,2.0 cm,3.0 cm",Slab Standard: 126.38 x 56.69 in 126.77 x 57.09 in,https://www.cosentino.com/usa/colors/dekton/radium/
Nilium,Dekton - Industrial Collection,"Thicknesses,0.8 cm,1.2 cm,2.0 cm",Slab Standard: 127.17 x 57.09 in 127.56 x 57.48 in,https://www.cosentino.com/usa/colors/dekton/nilium/
Taj Mahal,Sensa - Sensa Premium,"Thicknesses,2.0 cm,3.0 cm",Slab Standard: Check availability,https://www.cosentino.com/usa/colors/sensa/taj-mahal/
White Macaubas,Sensa - Sensa Premium,"Thicknesses,2.0 cm,3.0 cm",Slab Standard: Check availability,https://www.cosentino.com/usa/colors/sensa/white-macaubas/
White Splendor,Sensa - Sensa Premium,"Thicknesses,2.0 cm,3.0 cm",Slab Standard: Check availability,https://www.cosentino.com/usa/colors/sensa/white-splendor/
Snowfall,Sensa - Sensa Premium,"Thicknesses,2.0 cm,3.0 cm",Slab Standard: Check availability,https://www.cosentino.com/usa/colors/sensa/snowfall/
Et Marquina,Silestone - Eternal,"Thicknesses,1.2 cm,2.0 cm,3.0 cm",Slab Jumbo: 128.74 x 62.60 in,https://www.cosentino.com/usa/colors/silestone/et-marquina/
Et Serena,Silestone - Eternal,"Thicknesses,1.2 cm,2.0 cm,3.0 cm",Slab Jumbo: 128.74 x 62.60 in,https://www.cosentino.com/usa/colors/silestone/et-serena/
Et Statuario,Silestone - Eternal,"Thicknesses,1.2 cm,2.0 cm,3.0 cm",Slab Jumbo: 128.74 x 62.60 in,https://www.cosentino.com/usa/colors/silestone/et-statuario/
Pearl Jasmine,Silestone - Eternal,"Thicknesses,1.2 cm,2.0 cm,3.0 cm",Slab Jumbo: 128.74 x 62.60 in,https://www.cosentino.com/usa/colors/silestone/pearl-jasmine/
Iconic White,Silestone - Iconic,"Thicknesses,1.2 cm,2.0 cm,3.0 cm",Slab Jumbo: 128.74 x 62.60 in,https://www.cosentino.com/usa/colors/silestone/iconic-white/
Colonial White,Scalea,"Thicknesses,2.0 cm,3.0 cm",Slab Standard: Check availability,https://www.cosentino.com/usa/colors/scalea/colonial-white/
Charcoal Soapstone,Silestone - Eternal,"Thicknesses,1.2 cm,2.0 cm,3.0 cm",Slab Standard: 120.47 x 55.51 in,https://www.cosentino.com/usa/colors/silestone/charcoal-soapstone/
Et Calacatta Gold,Silestone - Eternal,"Thicknesses,1.2 cm,2.0 cm,3.0 cm",Slab Jumbo: 128.74 x 62.60 in,https://www.cosentino.com/usa/colors/silestone/et-calacatta-gold/
Ocean Storm,Silestone - Superestellar,"Thicknesses,1.2 cm,2.0 cm,3.0 cm",Slab Jumbo: 128.74 x 62.60 in,https://www.cosentino.com/usa/colors/silestone/ocean-storm/
Tangier,Sensa - Sensa Premium,"Thicknesses,2.0 cm,3.0 cm",Slab Standard: Check availability,https://www.cosentino.com/usa/colors/sensa/tangier/
Dawn Mist,Sensa - Sensa Premium,"Thicknesses,2.0 cm,3.0 cm",Slab Standard: Check availability,https://www.cosentino.com/usa/colors/sensa/dawn-mist/
Crescent Veil,Sensa - Sensa Premium,"Thicknesses,2.0 cm,3.0 cm",Slab Standard: Check availability,https://www.cosentino.com/usa/colors/sensa/crescent-veil/
Trilium,Dekton - Industrial Collection,"Thicknesses,0.4 cm,0.8 cm,1.2 cm,2.0 cm,3.0 cm",Slab Standard: 126.38 x 56.69 in 118.11 x 39.37 in 126.77 x 57.09 in Jumbo: 129.92 x 64.17 in 131.10 x 65.35 in,https://www.cosentino.com/usa/colors/dekton/trilium/
Ocean Jasper F,Silestone - Superestellar,"Thicknesses,1.2 cm,2.0 cm,3.0 cm",Slab Jumbo: 128.74 x 62.60 in,https://www.cosentino.com/usa/colors/silestone/ocean-jasper-f/
White Napoli,Scalea,"Thicknesses,2.0 cm,3.0 cm",Slab Standard: Check availability,https://www.cosentino.com/usa/colors/scalea/white-napoli/
Waterfall,Sensa - Sensa Premium,"Thicknesses,2.0 cm,3.0 cm",Slab Standard: Check availability,https://www.cosentino.com/usa/colors/sensa/waterfall/
Uba Tuba,Sensa - Sensa Premium,"Thicknesses,2.0 cm,3.0 cm",Slab Standard: Check availability,https://www.cosentino.com/usa/colors/sensa/uba-tuba/
Caroline Summer,Sensa - Sensa Premium,"Thicknesses,2.0 cm,3.0 cm",Slab Standard: Check availability,https://www.cosentino.com/usa/colors/sensa/caroline-summer/
Blue Pearl,Sensa - Sensa Premium,"Thicknesses,2.0 cm,3.0 cm",Slab Standard: Check availability,https://www.cosentino.com/usa/colors/sensa/blue-pearl/
Steel Grey,Scalea,"Thicknesses,2.0 cm,3.0 cm,1.2 cm",Slab Standard: Check availability,https://www.cosentino.com/usa/colors/scalea/steel-grey/
Moon White,Scalea,"Thicknesses,2.0 cm,3.0 cm",Slab Standard: Check availability,https://www.cosentino.com/usa/colors/scalea/moon-white/
Blanco Perla,Scalea,"Thicknesses,2.0 cm,3.0 cm",Slab Standard: Check availability,https://www.cosentino.com/usa/colors/scalea/blanco-perla/
Royal Reef,Silestone - Basiq,"Thicknesses,3.0 cm,1.2 cm,2.0 cm",Slab Jumbo: 128.74 x 62.60 in,https://www.cosentino.com/usa/colors/silestone/royal-reef/
Kimbler Mist,Silestone - Custom Silestone,"Thicknesses,1.2 cm,2.0 cm,3.0 cm",Slab Jumbo: 128.74 x 62.60 in,https://www.cosentino.com/usa/colors/silestone/kimbler-mist/
Pietra,Silestone - Stonium,"Thicknesses,1.2 cm,2.0 cm,3.0 cm",Slab Jumbo: 128.74 x 62.60 in,https://www.cosentino.com/usa/colors/silestone/pietra/
Aura22,Dekton - Natural Collection,-,-,https://www.cosentino.com/usa/colors/dekton/aura22/
Halo,Dekton - Solid Xgloss Collection,"Thicknesses,0.4 cm,0.8 cm,1.2 cm,2.0 cm,3.0 cm",Slab Standard: 128.74 x 57.87 in 129.13 x 58.27 in,https://www.cosentino.com/usa/colors/dekton/halo/
Entzo,Dekton - Natural Collection,"Thicknesses,0.8 cm,1.2 cm,2.0 cm",Slab Standard: 127.17 x 57.09 in 127.56 x 57.48 in,https://www.cosentino.com/usa/colors/dekton/entzo/
Keon,Dekton - Tech Collection,"Thicknesses,0.8 cm,1.2 cm,2.0 cm,0.4 cm",Slab Standard: 126.38 x 56.69 in 126.77 x 57.09 in,https://www.cosentino.com/usa/colors/dekton/keon/
Kelya,Dekton - Natural Collection,"Thicknesses,0.4 cm,0.8 cm,1.2 cm,2.0 cm",Slab Standard: 126.38 x 56.69 in 118.11 x 39.37 in 126.77 x 57.09 in Jumbo: 129.92 x 64.17 in 131.10 x 65.35 in,https://www.cosentino.com/usa/colors/dekton/kelya/
Copper Mist,Silestone - Influencers,"Thicknesses,1.2 cm,2.0 cm,3.0 cm",Slab Jumbo: 128.74 x 62.60 in,https://www.cosentino.com/usa/colors/silestone/copper-mist/
Lusso,Silestone - Influencers,"Thicknesses,1.2 cm,2.0 cm,3.0 cm",Slab Jumbo: 128.74 x 62.60 in,https://www.cosentino.com/usa/colors/silestone/lusso/
White Ice,Scalea,"Thicknesses,2.0 cm,3.0 cm",Slab Standard: Check availability,https://www.cosentino.com/usa/colors/scalea/white-ice/
White Bahia,Scalea,"Thicknesses,2.0 cm,3.0 cm",Slab Standard: Check availability,https://www.cosentino.com/usa/colors/scalea/white-bahia/
Waterfall,Scalea,"Thicknesses,2.0 cm,3.0 cm",Slab Standard: Check availability,https://www.cosentino.com/usa/colors/scalea/waterfall/
Viscount White,Scalea,"Thicknesses,2.0 cm,3.0 cm",Slab Standard: Check availability,https://www.cosentino.com/usa/colors/scalea/viscount-white/
Venato Carrara,Scalea,"Thicknesses,2.0 cm,3.0 cm,4.0 cm,5.0 cm,1.5 cm",Slab Standard: Check availability,https://www.cosentino.com/usa/colors/scalea/venato-carrara/
Star White,Scalea,"Thicknesses,2.0 cm,3.0 cm",Slab Standard: Check availability,https://www.cosentino.com/usa/colors/scalea/star-white/
Typhoon Bordeaux,Scalea,"Thicknesses,2.0 cm,3.0 cm",Slab Standard: Check availability,https://www.cosentino.com/usa/colors/scalea/typhoon-bordeaux/
Taj Mahal,Scalea,"Thicknesses,2.0 cm,3.0 cm",Slab Standard: Check availability,https://www.cosentino.com/usa/colors/scalea/taj-mahal/
Soapstone Fuma√áa,Scalea,"Thicknesses,2.0 cm,3.0 cm",Slab Standard: Check availability,https://www.cosentino.com/usa/colors/scalea/soapstone-fumaca/
Soapstone Barroca,Scalea,"Thicknesses,2.0 cm,3.0 cm",Slab Standard: Check availability,https://www.cosentino.com/usa/colors/scalea/soapstone-barroca/
Santa Cecilia Light,Scalea,"Thicknesses,2.0 cm,3.0 cm,1.0 cm",Slab Standard: Check availability,https://www.cosentino.com/usa/colors/scalea/santa-cecilia-light/
White Cachoeiro,Scalea,"Thicknesses,2.0 cm,3.0 cm",Slab Standard: Check availability,https://www.cosentino.com/usa/colors/scalea/white-cachoeiro/
San Benedito,Sensa - Sensa Premium,"Thicknesses,2.0 cm,3.0 cm",Slab Standard: Check availability,https://www.cosentino.com/usa/colors/sensa/san-benedito/
White Macaubas,Scalea,"Thicknesses,2.0 cm,3.0 cm",Slab Standard: Check availability,https://www.cosentino.com/usa/colors/scalea/white-macaubas/
White Splendor,Scalea,"Thicknesses,2.0 cm,3.0 cm",Slab Standard: Check availability,https://www.cosentino.com/usa/colors/scalea/white-splendor/
Amelia Ridge,Sensa - Sensa Premium,"Thicknesses,3.0 cm,2.0 cm",Slab Standard: Check availability,https://www.cosentino.com/usa/colors/sensa/amelia-ridge/
Blanco Gabriele,Sensa - Sensa Premium,"Thicknesses,2.0 cm,3.0 cm,5.0 cm",Slab Standard: Check availability,https://www.cosentino.com/usa/colors/sensa/blanco-gabriele/
Brown Persa,Sensa - Sensa Premium,"Thicknesses,2.0 cm,3.0 cm",Slab Standard: Check availability,https://www.cosentino.com/usa/colors/sensa/brown-persa/
Caledonia,Sensa - Sensa Premium,"Thicknesses,2.0 cm,3.0 cm,1.5 cm",Slab Standard: Check availability,https://www.cosentino.com/usa/colors/sensa/caledonia/
Crema Pearl,Sensa - Sensa Premium,"Thicknesses,2.0 cm,3.0 cm",Slab Standard: Check availability,https://www.cosentino.com/usa/colors/sensa/crema-pearl/
Iberian Sunset,Sensa - Sensa Premium,"Thicknesses,2.0 cm,3.0 cm",Slab Standard: Check availability,https://www.cosentino.com/usa/colors/sensa/iberian-sunset/
Orinoco,Sensa - Sensa Premium,"Thicknesses,2.0 cm,3.0 cm",Slab Standard: Check availability,https://www.cosentino.com/usa/colors/sensa/orinoco/
San Benedicto,Sensa - Sensa Premium,"Thicknesses,2.0 cm,3.0 cm",Slab Standard: Check availability,https://www.cosentino.com/usa/colors/sensa/san-benedicto/
San Benedicto,Scalea,"Thicknesses,2.0 cm,3.0 cm",Slab Standard: Check availability,https://www.cosentino.com/usa/colors/scalea/san-benedicto/
Santa Cecilia,Sensa - Sensa Premium,"Thicknesses,2.0 cm,3.0 cm",Slab Standard: Check availability,https://www.cosentino.com/usa/colors/sensa/santa-cecilia/
Tanami,Sensa - Sensa Premium,"Thicknesses,2.0 cm,3.0 cm",Slab Standard: Check availability,https://www.cosentino.com/usa/colors/sensa/tanami/
Thailand,Sensa - Sensa Premium,"Thicknesses,2.0 cm,3.0 cm",Slab Standard: Check availability,https://www.cosentino.com/usa/colors/sensa/thailand/
Santa Cecilia,Scalea,"Thicknesses,2.0 cm,3.0 cm",Slab Standard: Check availability,https://www.cosentino.com/usa/colors/scalea/santa-cecilia/
Uba Tuba,Scalea,"Thicknesses,2.0 cm,3.0 cm",Slab Standard: Check availability,https://www.cosentino.com/usa/colors/scalea/uba-tuba/
Oro Brazil,Scalea,"Thicknesses,2.0 cm,3.0 cm",Slab Standard: Check availability,https://www.cosentino.com/usa/colors/scalea/oro-brazil/
Blanco Leblon,Scalea,"Thicknesses,2.0 cm,3.0 cm",Slab Standard: Check availability,https://www.cosentino.com/usa/colors/scalea/blanco-leblon/
Alaskan White,Scalea,"Thicknesses,2.0 cm,3.0 cm,4.0 cm",Slab Standard: Check availability,https://www.cosentino.com/usa/colors/scalea/alaskan-white/
Amarillo Ornamental,Scalea,"Thicknesses,2.0 cm,3.0 cm,4.0 cm",Slab Standard: Check availability,https://www.cosentino.com/usa/colors/scalea/amarillo-ornamental/
Amelia Ridge,Scalea,"Thicknesses,3.0 cm,2.0 cm",Slab Standard: Check availability,https://www.cosentino.com/usa/colors/scalea/amelia-ridge/
Arabescato A,Scalea,"Thicknesses,2.0 cm,3.0 cm",Slab Standard: Check availability,https://www.cosentino.com/usa/colors/scalea/arabescato-a/
Athiri White,Scalea,"Thicknesses,2.0 cm,3.0 cm",Slab Standard: Check availability,https://www.cosentino.com/usa/colors/scalea/athiri-white/
Azul Platino,Scalea,"Thicknesses,2.0 cm,3.0 cm,4.0 cm",Slab Standard: Check availability,https://www.cosentino.com/usa/colors/scalea/azul-platino/
Bianco Antico,Scalea,"Thicknesses,2.0 cm,3.0 cm",Slab Standard: Check availability,https://www.cosentino.com/usa/colors/scalea/bianco-antico/
Black Galaxy,Scalea,"Thicknesses,2.0 cm,3.0 cm,4.0 cm,1.5 cm",Slab Standard: Check availability,https://www.cosentino.com/usa/colors/scalea/black-galaxy/
Black Pearl,Scalea,"Thicknesses,2.0 cm,3.0 cm",Slab Standard: Check availability,https://www.cosentino.com/usa/colors/scalea/black-pearl/
Black Pencil,Scalea,"Thicknesses,2.0 cm,3.0 cm",Slab Standard: Check availability,https://www.cosentino.com/usa/colors/scalea/black-pencil/
New Venetian Gold,Scalea,"Thicknesses,2.0 cm,3.0 cm,5.5 cm,5.0 cm,4.0 cm",Slab Standard: Check availability,https://www.cosentino.com/usa/colors/scalea/new-venetian-gold/
Blanco Gabriele,Scalea,"Thicknesses,2.0 cm,3.0 cm,5.0 cm",Slab Standard: Check availability,https://www.cosentino.com/usa/colors/scalea/blanco-gabriele/
Brown Persa,Scalea,"Thicknesses,2.0 cm,3.0 cm",Slab Standard: Check availability,https://www.cosentino.com/usa/colors/scalea/brown-persa/
Iberian White,Scalea,"Thicknesses,2.0 cm,3.0 cm",Slab Standard: Check availability,https://www.cosentino.com/usa/colors/scalea/iberian-white/
Negro Absoluto,Scalea,"Thicknesses,3.0 cm,2.0 cm,4.0 cm",Slab Standard: Check availability,https://www.cosentino.com/usa/colors/scalea/negro-absoluto/
Luna Pearl,Scalea,"Thicknesses,2.0 cm,3.0 cm,1.5 cm",Slab Standard: Check availability,https://www.cosentino.com/usa/colors/scalea/luna-pearl/
Lapidus,Scalea,"Thicknesses,2.0 cm,3.0 cm",Slab Standard: Check availability,https://www.cosentino.com/usa/colors/scalea/lapidus/
Juparana Gold,Scalea,"Thicknesses,2.0 cm,3.0 cm",Slab Standard: Check availability,https://www.cosentino.com/usa/colors/scalea/juparana-gold/
Caledonia,Scalea,"Thicknesses,2.0 cm,3.0 cm,1.5 cm",Slab Standard: Check availability,https://www.cosentino.com/usa/colors/scalea/caledonia/
Jet Black,Scalea,"Thicknesses,2.0 cm,3.0 cm",Slab Standard: Check availability,https://www.cosentino.com/usa/colors/scalea/jet-black/
Iberian Sunset,Scalea,"Thicknesses,2.0 cm,3.0 cm",Slab Standard: Check availability,https://www.cosentino.com/usa/colors/scalea/iberian-sunset/
Giallo Fiorito,Scalea,"Thicknesses,2.0 cm,3.0 cm",Slab Standard: Check availability,https://www.cosentino.com/usa/colors/scalea/giallo-fiorito/
Fantasy Brown,Scalea,"Thicknesses,2.0 cm,3.0 cm",Slab Standard: Check availability,https://www.cosentino.com/usa/colors/scalea/fantasy-brown/
Cygnus Vein Cut,Scalea,"Thicknesses,2.0 cm,3.0 cm",Slab Standard: Check availability,https://www.cosentino.com/usa/colors/scalea/cygnus-vein-cut/
Crema Pearl,Scalea,"Thicknesses,2.0 cm,3.0 cm",Slab Standard: Check availability,https://www.cosentino.com/usa/colors/scalea/crema-pearl/
Crema Bordeaux,Scalea,"Thicknesses,2.0 cm,3.0 cm",Slab Standard: Check availability,https://www.cosentino.com/usa/colors/scalea/crema-bordeaux/
Caroline Summer,Scalea,"Thicknesses,2.0 cm,3.0 cm",Slab Standard: Check availability,https://www.cosentino.com/usa/colors/scalea/caroline-summer/
Ariel,Silestone - Nebula Alpha,"Thicknesses,1.2 cm,2.0 cm,3.0 cm",Slab Jumbo: 128.74 x 62.60 in,https://www.cosentino.com/usa/colors/silestone/ariel/
Coral Clay Color,Silestone - Basiq,"Thicknesses,1.2 cm,2.0 cm,3.0 cm",Slab Jumbo: 128.74 x 62.60 in,https://www.cosentino.com/usa/colors/silestone/coral-clay-color/
Calypso,Silestone - Nebula Alpha,"Thicknesses,1.2 cm,2.0 cm,3.0 cm",Slab Jumbo: 128.74 x 62.60 in,https://www.cosentino.com/usa/colors/silestone/calypso/
Blanco Orion,Silestone - Nebula Alpha,"Thicknesses,1.2 cm,2.0 cm,3.0 cm",Slab Standard: 120.47 x 55.51 in,https://www.cosentino.com/usa/colors/silestone/blanco-orion/
Kairos22,Dekton - Natural Collection,"Thicknesses,0.8 cm,1.2 cm,2.0 cm",Slab Standard: 128.74 x 57.87 in 129.13 x 58.27 in,https://www.cosentino.com/usa/colors/dekton/kairos22/
Edora,Dekton - Natural Collection,"Thicknesses,0.4 cm,1.2 cm,2.0 cm",Slab Standard: 128.74 x 57.87 in 127.17 x 57.09 in 129.13 x 58.27 in,https://www.cosentino.com/usa/colors/dekton/edora/
Blanco Maple,Silestone - Tropical Forest,"Thicknesses,2.0 cm,3.0 cm,1.2 cm",Slab Standard: 120.47 x 55.51 in Jumbo: 128.74 x 62.60 in,https://www.cosentino.com/usa/colors/silestone/blanco-maple/
White North,Silestone - Mythology,"Thicknesses,1.2 cm,2.0 cm,3.0 cm",Slab Standard: 120.47 x 55.51 in Jumbo: 128.74 x 62.60 in,https://www.cosentino.com/usa/colors/silestone/white-north/
White Storm,Silestone - Basiq,"Thicknesses,2.0 cm,3.0 cm,1.2 cm",Slab Standard: 120.47 x 55.51 in Jumbo: 128.74 x 62.60 in,https://www.cosentino.com/usa/colors/silestone/white-storm/
Lena/rougui,Silestone - Basiq,"Thicknesses,2.0 cm,1.2 cm,3.0 cm",Slab Standard: 120.47 x 55.51 in Jumbo: 128.74 x 62.60 in,https://www.cosentino.com/usa/colors/silestone/lenarougui/
Noka,Silestone - Basiq,"Thicknesses,2.0 cm,3.0 cm,1.2 cm",Slab Standard: 120.47 x 55.51 in Jumbo: 128.74 x 62.60 in,https://www.cosentino.com/usa/colors/silestone/noka/
Kensho,Silestone - Zen,"Thicknesses,2.0 cm,3.0 cm,1.2 cm",Slab Jumbo: 128.74 x 62.60 in,https://www.cosentino.com/usa/colors/silestone/kensho/
Stellar Snow,Silestone - Stellar,"Thicknesses,3.0 cm,1.2 cm,2.0 cm",Slab Standard: 120.47 x 55.51 in Jumbo: 128.74 x 62.60 in,https://www.cosentino.com/usa/colors/silestone/stellar-snow/
Helix,Silestone - Nebula Code,"Thicknesses,1.2 cm,2.0 cm,3.0 cm",Slab Jumbo: 128.74 x 62.60 in,https://www.cosentino.com/usa/colors/silestone/helix/
Keranium,Dekton - Tech Collection,"Thicknesses,0.8 cm,1.2 cm,2.0 cm",Slab Standard: 126.38 x 56.69 in 126.77 x 57.09 in,https://www.cosentino.com/usa/colors/dekton/keranium/
Zenith,Dekton - Solid Collection,"Thicknesses,0.4 cm,0.8 cm,1.2 cm,2.0 cm,3.0 cm",Slab Standard: 128.74 x 57.87 in 129.13 x 58.27 in,https://www.cosentino.com/usa/colors/dekton/zenith/
Sirius,Dekton - Solid Collection,"Thicknesses,0.4 cm,0.8 cm,1.2 cm,2.0 cm,3.0 cm",Slab Standard: 126.38 x 56.69 in 118.11 x 39.37 in 126.77 x 57.09 in,https://www.cosentino.com/usa/colors/dekton/sirius/
Domoos,Dekton - Solid Collection,"Thicknesses,0.8 cm,1.2 cm,2.0 cm,3.0 cm",Slab Standard: 126.38 x 56.69 in 126.77 x 57.09 in,https://www.cosentino.com/usa/colors/dekton/domoos/
Danae,Dekton - Natural Collection,"Thicknesses,0.8 cm,1.2 cm,2.0 cm,0.4 cm",Slab Standard: 128.74 x 57.87 in 129.13 x 58.27 in,https://www.cosentino.com/usa/colors/dekton/danae/
Sienna Ridge,Silestone - New Mountain,"Thicknesses,1.2 cm,2.0 cm,3.0 cm",Slab Jumbo: 128.74 x 62.60 in,https://www.cosentino.com/usa/colors/silestone/sienna-ridge/
Lyra,Silestone - Nebula,"Thicknesses,1.2 cm,2.0 cm,3.0 cm",Slab Standard: 120.47 x 55.51 in Jumbo: 128.74 x 62.60 in,https://www.cosentino.com/usa/colors/silestone/lyra/
Lagoon,Silestone - Nebula,"Thicknesses,1.2 cm,2.0 cm,3.0 cm",Slab Standard: 120.47 x 55.51 in,https://www.cosentino.com/usa/colors/silestone/lagoon/
Cemento,Silestone - Basiq,"Thicknesses,1.2 cm,2.0 cm,3.0 cm",Slab Standard: 120.47 x 55.51 in Jumbo: 128.74 x 62.60 in,https://www.cosentino.com/usa/colors/silestone/cemento/
Marengo,Silestone - Basiq,"Thicknesses,2.0 cm,3.0 cm,1.2 cm",Slab Standard: 120.47 x 55.51 in Jumbo: 128.74 x 62.60 in,https://www.cosentino.com/usa/colors/silestone/marengo/
Alpina White,Silestone - New Mountain,"Thicknesses,2.0 cm,1.2 cm,3.0 cm",Slab Jumbo: 128.74 x 62.60 in,https://www.cosentino.com/usa/colors/silestone/alpina-white/
Blanco City,Silestone - Basiq,"Thicknesses,2.0 cm,1.2 cm,3.0 cm",Slab Standard: 120.47 x 55.51 in Jumbo: 128.74 x 62.60 in,https://www.cosentino.com/usa/colors/silestone/blanco-city/
Yukon Blanco,Silestone - River,"Thicknesses,3.0 cm,1.2 cm,2.0 cm",Slab Standard: 120.47 x 55.51 in,https://www.cosentino.com/usa/colors/silestone/yukon-blanco/
Grey Expo,Silestone - Mythology,"Thicknesses,1.2 cm,2.0 cm,3.0 cm",Slab Standard: 120.47 x 55.51 in Jumbo: 128.74 x 62.60 in,https://www.cosentino.com/usa/colors/silestone/grey-expo/
White Zeus,Silestone - Mythology,"Thicknesses,1.2 cm,2.0 cm,3.0 cm",Slab Standard: 120.47 x 55.51 in Jumbo: 128.74 x 62.60 in,https://www.cosentino.com/usa/colors/silestone/white-zeus/
Stellar Night,Silestone - Stellar,"Thicknesses,1.2 cm,2.0 cm,3.0 cm",Slab Standard: 120.47 x 55.51 in Jumbo: 128.74 x 62.60 in,https://www.cosentino.com/usa/colors/silestone/stellar-night/
